artifact_name,artifact_path,exists,artifact_type
06_baseline_model_metrics.csv,D:\SBN\2.SBN_PAPERS_2026\MAS_Paper_2\ResilientGraph_CMARL\outputs\tables\06_baseline_model_metrics.csv,True,csv
07_leakage_safe_proposed_rgc_model_metrics.csv,D:\SBN\2.SBN_PAPERS_2026\MAS_Paper_2\ResilientGraph_CMARL\outputs\tables\07_leakage_safe_proposed_rgc_model_metrics.csv,True,csv
07_leakage_safe_baseline_vs_proposed_rgc_improvement.csv,D:\SBN\2.SBN_PAPERS_2026\MAS_Paper_2\ResilientGraph_CMARL\outputs\tables\07_leakage_safe_baseline_vs_proposed_rgc_improvement.csv,True,csv
09_baseline_policy_summary.csv,D:\SBN\2.SBN_PAPERS_2026\MAS_Paper_2\ResilientGraph_CMARL\outputs\tables\09_baseline_policy_summary.csv,True,csv
09_best_baseline_policy.csv,D:\SBN\2.SBN_PAPERS_2026\MAS_Paper_2\ResilientGraph_CMARL\outputs\tables\09_best_baseline_policy.csv,True,csv
10_proposed_cmarl_policy_summary.csv,D:\SBN\2.SBN_PAPERS_2026\MAS_Paper_2\ResilientGraph_CMARL\outputs\tables\10_proposed_cmarl_policy_summary.csv,True,csv
10_best_proposed_cmarl_policy.csv,D:\SBN\2.SBN_PAPERS_2026\MAS_Paper_2\ResilientGraph_CMARL\outputs\tables\10_best_proposed_cmarl_policy.csv,True,csv
10_baseline_vs_proposed_cmarl_improvement.csv,D:\SBN\2.SBN_PAPERS_2026\MAS_Paper_2\ResilientGraph_CMARL\outputs\tables\10_baseline_vs_proposed_cmarl_improvement.csv,True,csv
11_final_ml_baseline_vs_proposed_summary.csv,D:\SBN\2.SBN_PAPERS_2026\MAS_Paper_2\ResilientGraph_CMARL\outputs\tables\11_final_ml_baseline_vs_proposed_summary.csv,True,csv
11_final_rl_baseline_vs_proposed_summary.csv,D:\SBN\2.SBN_PAPERS_2026\MAS_Paper_2\ResilientGraph_CMARL\outputs\tables\11_final_rl_baseline_vs_proposed_summary.csv,True,csv
11_final_master_performance_summary.csv,D:\SBN\2.SBN_PAPERS_2026\MAS_Paper_2\ResilientGraph_CMARL\outputs\tables\11_final_master_performance_summary.csv,True,csv
11_key_findings_for_manuscript.csv,D:\SBN\2.SBN_PAPERS_2026\MAS_Paper_2\ResilientGraph_CMARL\outputs\tables\11_key_findings_for_manuscript.csv,True,csv
